التسلسل,عنوان الرواية,رابط مقال الرواية,المؤلف,رابط مقال المؤلف,البلد,رابط مقال البلد
1,الثلاثية,https://ar.wikipedia.org/wiki/%D8%A7%D9%84%D8%AB%D9%84%D8%A7%D8%AB%D9%8A%D8%A9_(%D9%86%D8%AC%D9%8A%D8%A8_%D9%85%D8%AD%D9%81%D9%88%D8%B8),نجيب محفوظ,https://ar.wikipedia.org/wiki/%D9%86%D8%AC%D9%8A%D8%A8_%D9%85%D8%AD%D9%81%D9%88%D8%B8,مصر,https://ar.wikipedia.org/wiki/%D9%85%D8%B5%D8%B1
2,البحث عن وليد مسعود,https://ar.wikipedia.org/wiki/%D8%A7%D9%84%D8%A8%D8%AD%D8%AB_%D8%B9%D9%86_%D9%88%D9%84%D9%8A%D8%AF_%D9%85%D8%B3%D8%B9%D9%88%D8%AF_(%D8%B1%D9%88%D8%A7%D9%8A%D8%A9),جبرا إبراهيم جبرا,https://ar.wikipedia.org/wiki/%D8%AC%D8%A8%D8%B1%D8%A7_%D8%A5%D8%A8%D8%B1%D8%A7%D9%87%D9%8A%D9%85_%D8%AC%D8%A8%D8%B1%D8%A7,فلسطين,https://ar.wikipedia.org/wiki/%D9%81%D9%84%D8%B3%D8%B7%D9%8A%D9%86
3,شرف,https://ar.wikipedia.org/wiki/%D8%B4%D8%B1%D9%81_(%D8%B1%D9%88%D8%A7%D9%8A%D8%A9),صنع الله إبراهيم,https://ar.wikipedia.org/wiki/%D8%B5%D9%86%D8%B9_%D8%A7%D9%84%D9%84%D9%87_%D8%A5%D8%A8%D8%B1%D8%A7%D9%87%D9%8A%D9%85,مصر,https://ar.wikipedia.org/wiki/%D9%85%D8%B5%D8%B1
4,الحرب في بر مصر,https://ar.wikipedia.org/wiki/%D8%A7%D9%84%D8%AD%D8%B1%D8%A8_%D9%81%D9%8A_%D8%A8%D8%B1_%D9%85%D8%B5%D8%B1,يوسف القعيد,https://ar.wikipedia.org/wiki/%D9%8A%D9%88%D8%B3%D9%81_%D8%A7%D9%84%D9%82%D8%B9%D9%8A%D8%AF,مصر,https://ar.wikipedia.org/wiki/%D9%85%D8%B5%D8%B1
5,رجال في الشمس,https://ar.wikipedia.org/wiki/%D8%B1%D8%AC%D8%A7%D9%84_%D9%81%D9%8A_%D8%A7%D9%84%D8%B4%D9%85%D8%B3_(%D8%B1%D9%88%D8%A7%D9%8A%D8%A9),غسان كنفاني,https://ar.wikipedia.org/wiki/%D8%BA%D8%B3%D8%A7%D9%86_%D9%83%D9%86%D9%81%D8%A7%D9%86%D9%8A,فلسطين,https://ar.wikipedia.org/wiki/%D9%81%D9%84%D8%B3%D8%B7%D9%8A%D9%86
6,الوقائع الغريبة في اختفاء سعيد ابي النحس المتشائل,https://ar.wikipedia.org/wiki/%D8%A7%D9%84%D9%88%D9%82%D8%A7%D8%A6%D8%B9_%D8%A7%D9%84%D8%BA%D8%B1%D9%8A%D8%A8%D8%A9_%D9%81%D9%8A_%D8%A7%D8%AE%D8%AA%D9%81%D8%A7%D8%A1_%D8%B3%D8%B9%D9%8A%D8%AF_%D8%A3%D8%A8%D9%8A_%D8%A7%D9%84%D9%86%D8%AD%D8%B3_%D8%A7%D9%84%D9%85%D8%AA%D8%B4%D8%A7%D8%A6%D9%84,إميل حبيبي,https://ar.wikipedia.org/wiki/%D8%A5%D9%85%D9%8A%D9%84_%D8%AD%D8%A8%D9%8A%D8%A8%D9%8A,فلسطين,https://ar.wikipedia.org/wiki/%D9%81%D9%84%D8%B3%D8%B7%D9%8A%D9%86
7,الزمن الموحش,https://ar.wikipedia.org/wiki/%D8%A7%D9%84%D8%B2%D9%85%D9%86_%D8%A7%D9%84%D9%85%D9%88%D8%AD%D8%B4,حيدر حيدر,https://ar.wikipedia.org/wiki/%D8%AD%D9%8A%D8%AF%D8%B1_%D8%AD%D9%8A%D8%AF%D8%B1,سوريا,https://ar.wikipedia.org/wiki/%D8%B3%D9%88%D8%B1%D9%8A%D8%A7
8,رامة والتنين,https://ar.wikipedia.org/wiki/%D8%B1%D8%A7%D9%85%D8%A9_%D9%88%D8%A7%D9%84%D8%AA%D9%86%D9%8A%D9%86,إدوار الخراط,https://ar.wikipedia.org/wiki/%D8%A5%D8%AF%D9%88%D8%A7%D8%B1_%D8%AE%D8%B1%D8%A7%D8%B7,مصر,https://ar.wikipedia.org/wiki/%D9%85%D8%B5%D8%B1
9,حدث أبو هريرة قال,https://ar.wikipedia.org/wiki/%D8%AD%D8%AF%D8%AB_%D8%A3%D8%A8%D9%88_%D9%87%D8%B1%D9%8A%D8%B1%D8%A9_%D9%82%D8%A7%D9%84,محمود المسعدي,https://ar.wikipedia.org/wiki/%D9%85%D8%AD%D9%85%D9%88%D8%AF_%D8%A7%D9%84%D9%85%D8%B3%D8%B9%D8%AF%D9%8A,تونس,https://ar.wikipedia.org/wiki/%D8%AA%D9%88%D9%86%D8%B3
10,كوابيس بيروت,https://ar.wikipedia.org/wiki/%D9%83%D9%88%D8%A7%D8%A8%D9%8A%D8%B3_%D8%A8%D9%8A%D8%B1%D9%88%D8%AA,غادة السمان,https://ar.wikipedia.org/wiki/%D8%BA%D8%A7%D8%AF%D8%A9_%D8%A7%D9%84%D8%B3%D9%85%D8%A7%D9%86,سوريا,https://ar.wikipedia.org/wiki/%D8%B3%D9%88%D8%B1%D9%8A%D8%A7
11,المجوس,https://ar.wikipedia.org/wiki/%D8%A7%D9%84%D9%85%D8%AC%D9%88%D8%B3_(%D8%B1%D9%88%D8%A7%D9%8A%D8%A9),إبراهيم الكوني,https://ar.wikipedia.org/wiki/%D8%A5%D8%A8%D8%B1%D8%A7%D9%87%D9%8A%D9%85_%D8%A7%D9%84%D9%83%D9%88%D9%86%D9%8A,ليبيا,https://ar.wikipedia.org/wiki/%D9%84%D9%8A%D8%A8%D9%8A%D8%A7
12,الوشم,https://ar.wikipedia.org/w/index.php?title=%D8%A7%D9%84%D9%88%D8%B4%D9%85_(%D8%B1%D9%88%D8%A7%D9%8A%D8%A9)&action=edit&redlink=1,عبد الرحمن مجيد الربيعي,https://ar.wikipedia.org/wiki/%D8%B9%D8%A8%D8%AF_%D8%A7%D9%84%D8%B1%D8%AD%D9%85%D9%86_%D9%85%D8%AC%D9%8A%D8%AF_%D8%A7%D9%84%D8%B1%D8%A8%D9%8A%D8%B9%D9%8A,العراق,https://ar.wikipedia.org/wiki/%D8%A7%D9%84%D8%B9%D8%B1%D8%A7%D9%82
13,الرجع البعيد,https://ar.wikipedia.org/wiki/%D8%A7%D9%84%D8%B1%D8%AC%D8%B9_%D8%A7%D9%84%D8%A8%D8%B9%D9%8A%D8%AF_(%D8%B1%D9%88%D8%A7%D9%8A%D8%A9),فؤاد التكرلي,https://ar.wikipedia.org/wiki/%D9%81%D8%A4%D8%A7%D8%AF_%D8%A7%D9%84%D8%AA%D9%83%D8%B1%D9%84%D9%8A,العراق,https://ar.wikipedia.org/wiki/%D8%A7%D9%84%D8%B9%D8%B1%D8%A7%D9%82
14,الشراع والعاصفة,https://ar.wikipedia.org/wiki/%D8%A7%D9%84%D8%B4%D8%B1%D8%A7%D8%B9_%D9%88%D8%A7%D9%84%D8%B9%D8%A7%D8%B5%D9%81%D8%A9_(%D8%B1%D9%88%D8%A7%D9%8A%D8%A9),حنا مينه,https://ar.wikipedia.org/wiki/%D8%AD%D9%86%D8%A7_%D9%85%D9%8A%D9%86%D9%87,سوريا,https://ar.wikipedia.org/wiki/%D8%B3%D9%88%D8%B1%D9%8A%D8%A7
15,الزيني بركات,https://ar.wikipedia.org/wiki/%D8%A7%D9%84%D8%B2%D9%8A%D9%86%D9%8A_%D8%A8%D8%B1%D9%83%D8%A7%D8%AA_(%D8%AA%D9%88%D8%B6%D9%8A%D8%AD),جمال الغيطاني,https://ar.wikipedia.org/wiki/%D8%AC%D9%85%D8%A7%D9%84_%D8%A7%D9%84%D8%BA%D9%8A%D8%B7%D8%A7%D9%86%D9%8A,مصر,https://ar.wikipedia.org/wiki/%D9%85%D8%B5%D8%B1
16,ثلاثية 'سأهبك مدينة أخرى',https://ar.wikipedia.org/wiki/%D8%B3%D8%A3%D9%87%D8%A8%D9%83_%D9%85%D8%AF%D9%8A%D9%86%D8%A9_%D8%A3%D8%AE%D8%B1%D9%89_(%D8%B1%D9%88%D8%A7%D9%8A%D8%A9_%D8%AB%D9%84%D8%A7%D8%AB%D9%8A%D8%A9),أحمد إبراهيم الفقيه,https://ar.wikipedia.org/wiki/%D8%A3%D8%AD%D9%85%D8%AF_%D8%A5%D8%A8%D8%B1%D8%A7%D9%87%D9%8A%D9%85_%D8%A7%D9%84%D9%81%D9%82%D9%8A%D9%87,ليبيا,https://ar.wikipedia.org/wiki/%D9%84%D9%8A%D8%A8%D9%8A%D8%A7
17,أنا أحيا,https://ar.wikipedia.org/wiki/%D8%A3%D9%86%D8%A7_%D8%A3%D8%AD%D9%8A%D8%A7,ليلى بعلبكي,https://ar.wikipedia.org/wiki/%D9%84%D9%8A%D9%84%D9%89_%D8%A8%D8%B9%D9%84%D8%A8%D9%83%D9%8A,لبنان,https://ar.wikipedia.org/wiki/%D9%84%D8%A8%D9%86%D8%A7%D9%86
18,لا أحد ينام في الإسكندرية,https://ar.wikipedia.org/wiki/%D9%84%D8%A7_%D8%A3%D8%AD%D8%AF_%D9%8A%D9%86%D8%A7%D9%85_%D9%81%D9%8A_%D8%A7%D9%84%D8%A5%D8%B3%D9%83%D9%86%D8%AF%D8%B1%D9%8A%D8%A9,إبراهيم عبد المجيد,https://ar.wikipedia.org/wiki/%D8%A5%D8%A8%D8%B1%D8%A7%D9%87%D9%8A%D9%85_%D8%B9%D8%A8%D8%AF_%D8%A7%D9%84%D9%85%D8%AC%D9%8A%D8%AF,مصر,https://ar.wikipedia.org/wiki/%D9%85%D8%B5%D8%B1
19,الحب في المنفى,https://ar.wikipedia.org/wiki/%D8%A7%D9%84%D8%AD%D8%A8_%D9%81%D9%8A_%D8%A7%D9%84%D9%85%D9%86%D9%81%D9%89,بهاء طاهر,https://ar.wikipedia.org/wiki/%D8%A8%D9%87%D8%A7%D8%A1_%D8%B7%D8%A7%D9%87%D8%B1,مصر,https://ar.wikipedia.org/wiki/%D9%85%D8%B5%D8%B1
20,مدارات الشرق,https://ar.wikipedia.org/wiki/%D9%85%D8%AF%D8%A7%D8%B1%D8%A7%D8%AA_%D8%A7%D9%84%D8%B4%D8%B1%D9%82,نبيل سليمان,https://ar.wikipedia.org/wiki/%D9%86%D8%A8%D9%8A%D9%84_%D8%B3%D9%84%D9%8A%D9%85%D8%A7%D9%86,سوريا,https://ar.wikipedia.org/wiki/%D8%B3%D9%88%D8%B1%D9%8A%D8%A7
21,الوباء,https://ar.wikipedia.org/wiki/%D8%A7%D9%84%D9%88%D8%A8%D8%A7%D8%A1_(%D8%B1%D9%88%D8%A7%D9%8A%D8%A9),هاني الراهب,https://ar.wikipedia.org/wiki/%D9%87%D8%A7%D9%86%D9%8A_%D8%A7%D9%84%D8%B1%D8%A7%D9%87%D8%A8,سوريا,https://ar.wikipedia.org/wiki/%D8%B3%D9%88%D8%B1%D9%8A%D8%A7
22,الحرام,https://ar.wikipedia.org/wiki/%D8%A7%D9%84%D8%AD%D8%B1%D8%A7%D9%85_(%D8%B1%D9%88%D8%A7%D9%8A%D8%A9),يوسف ادريس,https://ar.wikipedia.org/wiki/%D9%8A%D9%88%D8%B3%D9%81_%D8%A5%D8%AF%D8%B1%D9%8A%D8%B3,مصر,https://ar.wikipedia.org/wiki/%D9%85%D8%B5%D8%B1
23,ليلة السنوات العشر,https://ar.wikipedia.org/wiki/%D9%84%D9%8A%D9%84%D8%A9_%D8%A7%D9%84%D8%B3%D9%86%D9%88%D8%A7%D8%AA_%D8%A7%D9%84%D8%B9%D8%B4%D8%B1,محمد صالح الجابري,https://ar.wikipedia.org/wiki/%D9%85%D8%AD%D9%85%D8%AF_%D8%A7%D9%84%D8%B5%D8%A7%D9%84%D8%AD_%D8%A7%D9%84%D8%AC%D8%A7%D8%A8%D8%B1%D9%8A,تونس,https://ar.wikipedia.org/wiki/%D8%AA%D9%88%D9%86%D8%B3
24,موسم الهجرة إلى الشمال,https://ar.wikipedia.org/wiki/%D9%85%D9%88%D8%B3%D9%85_%D8%A7%D9%84%D9%87%D8%AC%D8%B1%D8%A9_%D8%A5%D9%84%D9%89_%D8%A7%D9%84%D8%B4%D9%85%D8%A7%D9%84,الطيب صالح,https://ar.wikipedia.org/wiki/%D8%A7%D9%84%D8%B7%D9%8A%D8%A8_%D8%B5%D8%A7%D9%84%D8%AD,السودان,https://ar.wikipedia.org/wiki/%D8%A7%D9%84%D8%B3%D9%88%D8%AF%D8%A7%D9%86
25,ذاكرة الجسد,https://ar.wikipedia.org/wiki/%D8%B0%D8%A7%D9%83%D8%B1%D8%A9_%D8%A7%D9%84%D8%AC%D8%B3%D8%AF_(%D8%B1%D9%88%D8%A7%D9%8A%D8%A9),أحلام مستغانمي,https://ar.wikipedia.org/wiki/%D8%A3%D8%AD%D9%84%D8%A7%D9%85_%D9%85%D8%B3%D8%AA%D8%BA%D8%A7%D9%86%D9%85%D9%8A,الجزائر,https://ar.wikipedia.org/wiki/%D8%A7%D9%84%D8%AC%D8%B2%D8%A7%D8%A6%D8%B1
26,الخبز الحافي,https://ar.wikipedia.org/wiki/%D8%A7%D9%84%D8%AE%D8%A8%D8%B2_%D8%A7%D9%84%D8%AD%D8%A7%D9%81%D9%8A,محمد شكري,https://ar.wikipedia.org/wiki/%D9%85%D8%AD%D9%85%D8%AF_%D8%B4%D9%83%D8%B1%D9%8A,المغرب,https://ar.wikipedia.org/wiki/%D8%A7%D9%84%D9%85%D8%BA%D8%B1%D8%A8
27,تشريفة آل المر,https://ar.wikipedia.org/wiki/%D8%AA%D8%B4%D8%B1%D9%8A%D9%81%D8%A9_%D8%A2%D9%84_%D8%A7%D9%84%D9%85%D8%B1,عبد الكريم ناصيف,https://ar.wikipedia.org/wiki/%D8%B9%D8%A8%D8%AF_%D8%A7%D9%84%D9%83%D8%B1%D9%8A%D9%85_%D9%86%D8%A7%D8%B5%D9%8A%D9%81,سوريا,https://ar.wikipedia.org/wiki/%D8%B3%D9%88%D8%B1%D9%8A%D8%A7
28,دار المتعة,https://ar.wikipedia.org/wiki/%D8%AF%D8%A7%D8%B1_%D8%A7%D9%84%D9%85%D8%AA%D8%B9%D8%A9_(%D8%B1%D9%88%D8%A7%D9%8A%D8%A9),وليد اخلاصي,https://ar.wikipedia.org/wiki/%D9%88%D9%84%D9%8A%D8%AF_%D8%A5%D8%AE%D9%84%D8%A7%D8%B5%D9%8A,سوريا,https://ar.wikipedia.org/wiki/%D8%B3%D9%88%D8%B1%D9%8A%D8%A7
29,طواحين بيروت,https://ar.wikipedia.org/wiki/%D8%B7%D9%88%D8%A7%D8%AD%D9%8A%D9%86_%D8%A8%D9%8A%D8%B1%D9%88%D8%AA,توفيق يوسف عواد,https://ar.wikipedia.org/wiki/%D8%AA%D9%88%D9%81%D9%8A%D9%82_%D9%8A%D9%88%D8%B3%D9%81_%D8%B9%D9%88%D8%A7%D8%AF,لبنان,https://ar.wikipedia.org/wiki/%D9%84%D8%A8%D9%86%D8%A7%D9%86
30,الأفيال,https://ar.wikipedia.org/wiki/%D8%A7%D9%84%D8%A3%D9%81%D9%8A%D8%A7%D9%84_(%D8%B1%D9%88%D8%A7%D9%8A%D8%A9),فتحي غانم,https://ar.wikipedia.org/wiki/%D9%81%D8%AA%D8%AD%D9%8A_%D8%BA%D8%A7%D9%86%D9%85,مصر,https://ar.wikipedia.org/wiki/%D9%85%D8%B5%D8%B1
31,نجران تحت الصفر,https://ar.wikipedia.org/wiki/%D9%86%D8%AC%D8%B1%D8%A7%D9%86_%D8%AA%D8%AD%D8%AA_%D8%A7%D9%84%D8%B5%D9%81%D8%B1,يحيي يخلف,https://ar.wikipedia.org/wiki/%D9%8A%D8%AD%D9%8A%D9%89_%D9%8A%D8%AE%D9%84%D9%81,فلسطين,https://ar.wikipedia.org/wiki/%D9%81%D9%84%D8%B3%D8%B7%D9%8A%D9%86
32,العشاق,https://ar.wikipedia.org/wiki/%D8%A7%D9%84%D8%B9%D8%B4%D8%A7%D9%82_(%D8%B1%D9%88%D8%A7%D9%8A%D8%A9),رشاد أبو شاور,https://ar.wikipedia.org/wiki/%D8%B1%D8%B4%D8%A7%D8%AF_%D8%A3%D8%A8%D9%88_%D8%B4%D8%A7%D9%88%D8%B1,فلسطين,https://ar.wikipedia.org/wiki/%D9%81%D9%84%D8%B3%D8%B7%D9%8A%D9%86
33,الاعتراف,https://ar.wikipedia.org/wiki/%D8%A7%D9%84%D8%A7%D8%B9%D8%AA%D8%B1%D8%A7%D9%81_(%D8%B1%D9%88%D8%A7%D9%8A%D8%A9),علي أبو الريش,https://ar.wikipedia.org/wiki/%D8%B9%D9%84%D9%8A_%D8%A3%D8%A8%D9%88_%D8%A7%D9%84%D8%B1%D9%8A%D8%B4,الإمارات العربية المتحدة,https://ar.wikipedia.org/wiki/%D8%A7%D9%84%D8%A5%D9%85%D8%A7%D8%B1%D8%A7%D8%AA_%D8%A7%D9%84%D8%B9%D8%B1%D8%A8%D9%8A%D8%A9_%D8%A7%D9%84%D9%85%D8%AA%D8%AD%D8%AF%D8%A9
34,النخلة والجيران,https://ar.wikipedia.org/wiki/%D8%A7%D9%84%D9%86%D8%AE%D9%84%D8%A9_%D9%88%D8%A7%D9%84%D8%AC%D9%8A%D8%B1%D8%A7%D9%86_(%D8%B1%D9%88%D8%A7%D9%8A%D8%A9),غائب طعمة فرمان,https://ar.wikipedia.org/wiki/%D8%BA%D8%A7%D8%A6%D8%A8_%D8%B7%D8%B9%D9%85%D8%A9_%D9%81%D8%B1%D9%85%D8%A7%D9%86,العراق,https://ar.wikipedia.org/wiki/%D8%A7%D9%84%D8%B9%D8%B1%D8%A7%D9%82
35,العصفورية,https://ar.wikipedia.org/wiki/%D8%A7%D9%84%D8%B9%D8%B5%D9%81%D9%88%D8%B1%D9%8A%D8%A9_(%D8%B1%D9%88%D8%A7%D9%8A%D8%A9),غازي القصيبي,https://ar.wikipedia.org/wiki/%D8%BA%D8%A7%D8%B2%D9%8A_%D8%A7%D9%84%D9%82%D8%B5%D9%8A%D8%A8%D9%8A,السعودية,https://ar.wikipedia.org/wiki/%D8%A7%D9%84%D8%B3%D8%B9%D9%88%D8%AF%D9%8A%D8%A9
36,قنديل أم هاشم,https://ar.wikipedia.org/wiki/%D9%82%D9%86%D8%AF%D9%8A%D9%84_%D8%A3%D9%85_%D9%87%D8%A7%D8%B4%D9%85_(%D8%B1%D9%88%D8%A7%D9%8A%D8%A9),يحيي حقي,https://ar.wikipedia.org/wiki/%D9%8A%D8%AD%D9%8A%D9%89_%D8%AD%D9%82%D9%8A,مصر,https://ar.wikipedia.org/wiki/%D9%85%D8%B5%D8%B1
37,العودة إلى المنفى,https://ar.wikipedia.org/wiki/%D8%A7%D9%84%D8%B9%D9%88%D8%AF%D8%A9_%D8%A5%D9%84%D9%89_%D8%A7%D9%84%D9%85%D9%86%D9%81%D9%89,أبو المعاطي أبو النجا,https://ar.wikipedia.org/wiki/%D8%A3%D8%A8%D9%88_%D8%A7%D9%84%D9%85%D8%B9%D8%A7%D8%B7%D9%8A_%D8%A3%D8%A8%D9%88_%D8%A7%D9%84%D9%86%D8%AC%D8%A7,مصر,https://ar.wikipedia.org/wiki/%D9%85%D8%B5%D8%B1
38,وكالة عطية,https://ar.wikipedia.org/wiki/%D9%88%D9%83%D8%A7%D9%84%D8%A9_%D8%B9%D8%B7%D9%8A%D8%A9_(%D8%B1%D9%88%D8%A7%D9%8A%D8%A9),خيري شلبي,https://ar.wikipedia.org/wiki/%D8%AE%D9%8A%D8%B1%D9%8A_%D8%B4%D9%84%D8%A8%D9%8A,مصر,https://ar.wikipedia.org/wiki/%D9%85%D8%B5%D8%B1
39,تماس,https://ar.wikipedia.org/wiki/%D8%AA%D9%85%D8%A7%D8%B3_(%D8%B1%D9%88%D8%A7%D9%8A%D8%A9),عروسية النالوتي,https://ar.wikipedia.org/wiki/%D8%B9%D8%B1%D9%88%D8%B3%D9%8A%D8%A9_%D8%A7%D9%84%D9%86%D8%A7%D9%84%D9%88%D8%AA%D9%8A,تونس,https://ar.wikipedia.org/wiki/%D8%AA%D9%88%D9%86%D8%B3
40,سلطانة,https://ar.wikipedia.org/wiki/%D8%B3%D9%84%D8%B7%D8%A7%D9%86%D8%A9_(%D8%B1%D9%88%D8%A7%D9%8A%D8%A9),غالب هلسا,https://ar.wikipedia.org/wiki/%D8%BA%D8%A7%D9%84%D8%A8_%D9%87%D9%84%D8%B3%D8%A7,الأردن,https://ar.wikipedia.org/wiki/%D8%A7%D9%84%D8%A3%D8%B1%D8%AF%D9%86
41,مالك الحزين,https://ar.wikipedia.org/wiki/%D9%85%D8%A7%D9%84%D9%83_%D8%A7%D9%84%D8%AD%D8%B2%D9%8A%D9%86_(%D8%B1%D9%88%D8%A7%D9%8A%D8%A9),إبراهيم أصلان,https://ar.wikipedia.org/wiki/%D8%A5%D8%A8%D8%B1%D8%A7%D9%87%D9%8A%D9%85_%D8%A3%D8%B5%D9%84%D8%A7%D9%86,مصر,https://ar.wikipedia.org/wiki/%D9%85%D8%B5%D8%B1
42,باب الشمس,https://ar.wikipedia.org/wiki/%D8%A8%D8%A7%D8%A8_%D8%A7%D9%84%D8%B4%D9%85%D8%B3_(%D8%B1%D9%88%D8%A7%D9%8A%D8%A9),إلياس خوري,https://ar.wikipedia.org/wiki/%D8%A5%D9%84%D9%8A%D8%A7%D8%B3_%D8%AE%D9%88%D8%B1%D9%8A,لبنان,https://ar.wikipedia.org/wiki/%D9%84%D8%A8%D9%86%D8%A7%D9%86
43,الحي اللاتيني,https://ar.wikipedia.org/wiki/%D8%A7%D9%84%D8%AD%D9%8A_%D8%A7%D9%84%D9%84%D8%A7%D8%AA%D9%8A%D9%86%D9%8A_(%D8%B1%D9%88%D8%A7%D9%8A%D8%A9),سهيل ادريس,https://ar.wikipedia.org/wiki/%D8%B3%D9%87%D9%8A%D9%84_%D8%A5%D8%AF%D8%B1%D9%8A%D8%B3,لبنان,https://ar.wikipedia.org/wiki/%D9%84%D8%A8%D9%86%D8%A7%D9%86
44,عودة الروح,https://ar.wikipedia.org/wiki/%D8%B9%D9%88%D8%AF%D8%A9_%D8%A7%D9%84%D8%B1%D9%88%D8%AD_(%D8%B1%D9%88%D8%A7%D9%8A%D8%A9),توفيق الحكيم,https://ar.wikipedia.org/wiki/%D8%AA%D9%88%D9%81%D9%8A%D9%82_%D8%A7%D9%84%D8%AD%D9%83%D9%8A%D9%85,مصر,https://ar.wikipedia.org/wiki/%D9%85%D8%B5%D8%B1
45,الرهينة,https://ar.wikipedia.org/wiki/%D8%A7%D9%84%D8%B1%D9%87%D9%8A%D9%86%D8%A9_(%D8%B1%D9%88%D8%A7%D9%8A%D8%A9),زيد مطيع دماج,https://ar.wikipedia.org/wiki/%D8%B2%D9%8A%D8%AF_%D9%85%D8%B7%D9%8A%D8%B9_%D8%AF%D9%85%D8%A7%D8%AC,اليمن,https://ar.wikipedia.org/wiki/%D8%A7%D9%84%D9%8A%D9%85%D9%86
46,لعبة النسيان,https://ar.wikipedia.org/wiki/%D9%84%D8%B9%D8%A8%D8%A9_%D8%A7%D9%84%D9%86%D8%B3%D9%8A%D8%A7%D9%86,محمد برادة,https://ar.wikipedia.org/wiki/%D9%85%D8%AD%D9%85%D8%AF_%D8%A8%D8%B1%D8%A7%D8%AF%D8%A9,المغرب,https://ar.wikipedia.org/wiki/%D8%A7%D9%84%D9%85%D8%BA%D8%B1%D8%A8
47,الريح الشتوية,https://ar.wikipedia.org/wiki/%D8%A7%D9%84%D8%B1%D9%8A%D8%AD_%D8%A7%D9%84%D8%B4%D8%AA%D9%88%D9%8A%D8%A9_(%D8%B1%D9%88%D8%A7%D9%8A%D8%A9),مبارك الربيع,https://ar.wikipedia.org/wiki/%D9%85%D8%A8%D8%A7%D8%B1%D9%83_%D8%B1%D8%A8%D9%8A%D8%B9,المغرب,https://ar.wikipedia.org/wiki/%D8%A7%D9%84%D9%85%D8%BA%D8%B1%D8%A8
48,دار الباشا,https://ar.wikipedia.org/w/index.php?title=%D8%AF%D8%A7%D8%B1_%D8%A7%D9%84%D8%A8%D8%A7%D8%B4%D8%A7_(%D8%B1%D9%88%D8%A7%D9%8A%D8%A9)&action=edit&redlink=1,حسن نصر,https://ar.wikipedia.org/wiki/%D8%AD%D8%B3%D9%86_%D9%86%D8%B5%D8%B1,تونس,https://ar.wikipedia.org/wiki/%D8%AA%D9%88%D9%86%D8%B3
49,مدينة الرياح,https://ar.wikipedia.org/w/index.php?title=%D9%85%D8%AF%D9%8A%D9%86%D8%A9_%D8%A7%D9%84%D8%B1%D9%8A%D8%A7%D8%AD_(%D8%B1%D9%88%D8%A7%D9%8A%D8%A9)&action=edit&redlink=1,موسى ولد ابنو,https://ar.wikipedia.org/wiki/%D9%85%D9%88%D8%B3%D9%89_%D9%88%D9%84%D8%AF_%D8%A7%D8%A8%D9%86%D9%88,موريتانيا,https://ar.wikipedia.org/wiki/%D9%85%D9%88%D8%B1%D9%8A%D8%AA%D8%A7%D9%86%D9%8A%D8%A7
50,أبواب الروح السبعة,https://ar.wikipedia.org/w/index.php?title=%D8%A3%D8%A8%D9%88%D8%A7%D8%A8_%D8%A7%D9%84%D8%B1%D9%88%D8%AD_%D8%A7%D9%84%D8%B3%D8%A8%D8%B9%D8%A9&action=edit&redlink=1,أيوب الحجلي,https://ar.wikipedia.org/wiki/%D8%A3%D9%8A%D9%88%D8%A8_%D8%A7%D9%84%D8%AD%D8%AC%D9%84%D9%8A,سوريا,https://ar.wikipedia.org/wiki/%D8%B3%D9%88%D8%B1%D9%8A%D8%A7
51,أيام الإنسان السبعة,https://ar.wikipedia.org/wiki/%D8%A3%D9%8A%D8%A7%D9%85_%D8%A7%D9%84%D8%A5%D9%86%D8%B3%D8%A7%D9%86_%D8%A7%D9%84%D8%B3%D8%A8%D8%B9%D8%A9_(%D8%B1%D9%88%D8%A7%D9%8A%D8%A9),عبد الحكيم قاسم,https://ar.wikipedia.org/wiki/%D8%B9%D8%A8%D8%AF_%D8%A7%D9%84%D8%AD%D9%83%D9%8A%D9%85_%D9%82%D8%A7%D8%B3%D9%85,مصر,https://ar.wikipedia.org/wiki/%D9%85%D8%B5%D8%B1
52,طائر الحوم,https://ar.wikipedia.org/w/index.php?title=%D8%B7%D8%A7%D8%A6%D8%B1_%D8%A7%D9%84%D8%AD%D9%88%D9%85_(%D8%B1%D9%88%D8%A7%D9%8A%D8%A9)&action=edit&redlink=1,حليم بركات,https://ar.wikipedia.org/wiki/%D8%AD%D9%84%D9%8A%D9%85_%D8%A8%D8%B1%D9%83%D8%A7%D8%AA,سوريا,https://ar.wikipedia.org/wiki/%D8%B3%D9%88%D8%B1%D9%8A%D8%A7
53,حكاية زهرة,https://ar.wikipedia.org/w/index.php?title=%D8%AD%D9%83%D8%A7%D9%8A%D8%A9_%D8%B2%D9%87%D8%B1%D8%A9_(%D8%B1%D9%88%D8%A7%D9%8A%D8%A9)&action=edit&redlink=1,حنان الشيخ,https://ar.wikipedia.org/wiki/%D8%AD%D9%86%D8%A7%D9%86_%D8%A7%D9%84%D8%B4%D9%8A%D8%AE,لبنان,https://ar.wikipedia.org/wiki/%D9%84%D8%A8%D9%86%D8%A7%D9%86
54,ريح الجنوب,https://ar.wikipedia.org/wiki/%D8%B1%D9%8A%D8%AD_%D8%A7%D9%84%D8%AC%D9%86%D9%88%D8%A8_(%D8%B1%D9%88%D8%A7%D9%8A%D8%A9),عبد الحميد بن هدوقة,https://ar.wikipedia.org/wiki/%D8%B9%D8%A8%D8%AF_%D8%A7%D9%84%D8%AD%D9%85%D9%8A%D8%AF_%D8%A8%D9%86_%D9%87%D8%AF%D9%88%D9%82%D8%A9,الجزائر,https://ar.wikipedia.org/wiki/%D8%A7%D9%84%D8%AC%D8%B2%D8%A7%D8%A6%D8%B1
55,فردوس الجنون,https://ar.wikipedia.org/wiki/%D9%81%D8%B1%D8%AF%D9%88%D8%B3_%D8%A7%D9%84%D8%AC%D9%86%D9%88%D9%86_(%D8%B1%D9%88%D8%A7%D9%8A%D8%A9),أحمد يوسف داوود,https://ar.wikipedia.org/wiki/%D8%A3%D8%AD%D9%85%D8%AF_%D9%8A%D9%88%D8%B3%D9%81_%D8%AF%D8%A7%D9%88%D9%88%D8%AF,سوريا,https://ar.wikipedia.org/wiki/%D8%B3%D9%88%D8%B1%D9%8A%D8%A7
56,وسمية تخرج من البحر,https://ar.wikipedia.org/w/index.php?title=%D9%88%D8%B3%D9%85%D9%8A%D8%A9_%D8%AA%D8%AE%D8%B1%D8%AC_%D9%85%D9%86_%D8%A7%D9%84%D8%A8%D8%AD%D8%B1_(%D8%B1%D9%88%D8%A7%D9%8A%D8%A9)&action=edit&redlink=1,ليلى العثمان,https://ar.wikipedia.org/wiki/%D9%84%D9%8A%D9%84%D9%89_%D8%A7%D9%84%D8%B9%D8%AB%D9%85%D8%A7%D9%86,الكويت,https://ar.wikipedia.org/wiki/%D8%A7%D9%84%D9%83%D9%88%D9%8A%D8%AA
57,اعترافات كاتم صوت,https://ar.wikipedia.org/wiki/%D8%A7%D8%B9%D8%AA%D8%B1%D8%A7%D9%81%D8%A7%D8%AA_%D9%83%D8%A7%D8%AA%D9%85_%D8%B5%D9%88%D8%AA_(%D8%B1%D9%88%D8%A7%D9%8A%D8%A9),مؤنس الرزاز,https://ar.wikipedia.org/wiki/%D9%85%D8%A4%D9%86%D8%B3_%D8%A7%D9%84%D8%B1%D8%B2%D8%A7%D8%B2,الأردن,https://ar.wikipedia.org/wiki/%D8%A7%D9%84%D8%A3%D8%B1%D8%AF%D9%86
58,رباعية بحري,https://ar.wikipedia.org/w/index.php?title=%D8%B1%D8%A8%D8%A7%D8%B9%D9%8A%D8%A9_%D8%A8%D8%AD%D8%B1%D9%8A_(%D8%B1%D9%88%D8%A7%D9%8A%D8%A9)&action=edit&redlink=1,محمد جبريل,https://ar.wikipedia.org/wiki/%D9%85%D8%AD%D9%85%D8%AF_%D8%AC%D8%A8%D8%B1%D9%8A%D9%84_(%D8%AA%D9%88%D8%B6%D9%8A%D8%AD),مصر,https://ar.wikipedia.org/wiki/%D9%85%D8%B5%D8%B1
59,صنعاء مدينة مفتوحة,https://ar.wikipedia.org/w/index.php?title=%D8%B5%D9%86%D8%B9%D8%A7%D8%A1_%D9%85%D8%AF%D9%8A%D9%86%D8%A9_%D9%85%D9%81%D8%AA%D9%88%D8%AD%D8%A9_(%D8%B1%D9%88%D8%A7%D9%8A%D8%A9)&action=edit&redlink=1,محمد عبد الولي,https://ar.wikipedia.org/wiki/%D9%85%D8%AD%D9%85%D8%AF_%D8%B9%D8%A8%D8%AF_%D8%A7%D9%84%D9%88%D9%84%D9%8A,اليمن,https://ar.wikipedia.org/wiki/%D8%A7%D9%84%D9%8A%D9%85%D9%86
60,ثلاثية غرناطة,https://ar.wikipedia.org/wiki/%D8%AB%D9%84%D8%A7%D8%AB%D9%8A%D8%A9_%D8%BA%D8%B1%D9%86%D8%A7%D8%B7%D8%A9,رضوى عاشور,https://ar.wikipedia.org/wiki/%D8%B1%D8%B6%D9%88%D9%89_%D8%B9%D8%A7%D8%B4%D9%88%D8%B1,مصر,https://ar.wikipedia.org/wiki/%D9%85%D8%B5%D8%B1
61,دعاء الكروان,https://ar.wikipedia.org/wiki/%D8%AF%D8%B9%D8%A7%D8%A1_%D8%A7%D9%84%D9%83%D8%B1%D9%88%D8%A7%D9%86_(%D8%B1%D9%88%D8%A7%D9%8A%D8%A9),طه حسين,https://ar.wikipedia.org/wiki/%D8%B7%D9%87_%D8%AD%D8%B3%D9%8A%D9%86,مصر,https://ar.wikipedia.org/wiki/%D9%85%D8%B5%D8%B1
62,فساد الامكنة,https://ar.wikipedia.org/w/index.php?title=%D9%81%D8%B3%D8%A7%D8%AF_%D8%A7%D9%84%D8%A7%D9%85%D9%83%D9%86%D8%A9_(%D8%B1%D9%88%D8%A7%D9%8A%D8%A9)&action=edit&redlink=1,صبري موسي,https://ar.wikipedia.org/wiki/%D8%B5%D8%A8%D8%B1%D9%8A_%D9%85%D9%88%D8%B3%D9%89,مصر,https://ar.wikipedia.org/wiki/%D9%85%D8%B5%D8%B1
63,السقا مات,https://ar.wikipedia.org/wiki/%D8%A7%D9%84%D8%B3%D9%82%D8%A7_%D9%85%D8%A7%D8%AA_(%D8%B1%D9%88%D8%A7%D9%8A%D8%A9),يوسف السباعي,https://ar.wikipedia.org/wiki/%D9%8A%D9%88%D8%B3%D9%81_%D8%A7%D9%84%D8%B3%D8%A8%D8%A7%D8%B9%D9%8A,مصر,https://ar.wikipedia.org/wiki/%D9%85%D8%B5%D8%B1
64,تغريبه بني حتحوت,https://ar.wikipedia.org/w/index.php?title=%D8%AA%D8%BA%D8%B1%D9%8A%D8%A8%D9%87_%D8%A8%D9%86%D9%8A_%D8%AD%D8%AA%D8%AD%D9%88%D8%AA_(%D8%B1%D9%88%D8%A7%D9%8A%D8%A9)&action=edit&redlink=1,مجيد طوبيا,https://ar.wikipedia.org/wiki/%D9%85%D8%AC%D9%8A%D8%AF_%D8%B7%D9%88%D8%A8%D9%8A%D8%A7,مصر,https://ar.wikipedia.org/wiki/%D9%85%D8%B5%D8%B1
65,بعد الغروب,https://ar.wikipedia.org/wiki/%D8%A8%D8%B9%D8%AF_%D8%A7%D9%84%D8%BA%D8%B1%D9%88%D8%A8_(%D9%83%D8%AA%D8%A7%D8%A8),محمد عبد الحليم عبد الله,https://ar.wikipedia.org/wiki/%D9%85%D8%AD%D9%85%D8%AF_%D8%B9%D8%A8%D8%AF_%D8%A7%D9%84%D8%AD%D9%84%D9%8A%D9%85_%D8%B9%D8%A8%D8%AF_%D8%A7%D9%84%D9%84%D9%87,مصر,https://ar.wikipedia.org/wiki/%D9%85%D8%B5%D8%B1
66,قلوب علي الاسلاك,https://ar.wikipedia.org/w/index.php?title=%D9%82%D9%84%D9%88%D8%A8_%D8%B9%D9%84%D9%8A_%D8%A7%D9%84%D8%A7%D8%B3%D9%84%D8%A7%D9%83_(%D8%B1%D9%88%D8%A7%D9%8A%D8%A9)&action=edit&redlink=1,عبد السلام العجيلي,https://ar.wikipedia.org/wiki/%D8%B9%D8%A8%D8%AF_%D8%A7%D9%84%D8%B3%D9%84%D8%A7%D9%85_%D8%A7%D9%84%D8%B9%D8%AC%D9%8A%D9%84%D9%8A,سوريا,https://ar.wikipedia.org/wiki/%D8%B3%D9%88%D8%B1%D9%8A%D8%A7
67,عائشة,https://ar.wikipedia.org/wiki/%D8%B9%D8%A7%D8%A6%D8%B4%D8%A9_(%D8%B1%D9%88%D8%A7%D9%8A%D8%A9),البشير بن سلامة,https://ar.wikipedia.org/wiki/%D8%A7%D9%84%D8%A8%D8%B4%D9%8A%D8%B1_%D8%A8%D9%86_%D8%B3%D9%84%D8%A7%D9%85%D8%A9,تونس,https://ar.wikipedia.org/wiki/%D8%AA%D9%88%D9%86%D8%B3
68,الظل والصدي,https://ar.wikipedia.org/wiki/%D8%A7%D9%84%D8%B8%D9%84_%D9%88%D8%A7%D9%84%D8%B5%D8%AF%D9%89_(%D8%B1%D9%88%D8%A7%D9%8A%D8%A9),يوسف حبشي الأشقر,https://ar.wikipedia.org/wiki/%D9%8A%D9%88%D8%B3%D9%81_%D8%AD%D8%A8%D8%B4%D9%8A_%D8%A7%D9%84%D8%A3%D8%B4%D9%82%D8%B1,لبنان,https://ar.wikipedia.org/wiki/%D9%84%D8%A8%D9%86%D8%A7%D9%86
69,الدقلة في عراجينها,https://ar.wikipedia.org/wiki/%D8%A7%D9%84%D8%AF%D9%82%D9%84%D8%A9_%D9%81%D9%8A_%D8%B9%D8%B1%D8%A7%D8%AC%D9%8A%D9%86%D9%87%D8%A7_(%D8%B1%D9%88%D8%A7%D9%8A%D8%A9),بشير خريف,https://ar.wikipedia.org/wiki/%D8%A8%D8%B4%D9%8A%D8%B1_%D8%AE%D8%B1%D9%8A%D9%81,تونس,https://ar.wikipedia.org/wiki/%D8%AA%D9%88%D9%86%D8%B3
70,النخاس,https://ar.wikipedia.org/wiki/%D8%A7%D9%84%D9%86%D8%AE%D8%A7%D8%B3_(%D9%83%D8%AA%D8%A7%D8%A8),صلاح الدين بوجاه,https://ar.wikipedia.org/wiki/%D8%B5%D9%84%D8%A7%D8%AD_%D8%A7%D9%84%D8%AF%D9%8A%D9%86_%D8%A8%D9%88%D8%AC%D8%A7%D9%87,تونس,https://ar.wikipedia.org/wiki/%D8%AA%D9%88%D9%86%D8%B3
71,باب الساحة,https://ar.wikipedia.org/w/index.php?title=%D8%A8%D8%A7%D8%A8_%D8%A7%D9%84%D8%B3%D8%A7%D8%AD%D8%A9_(%D8%B1%D9%88%D8%A7%D9%8A%D8%A9)&action=edit&redlink=1,سحر خليفة,https://ar.wikipedia.org/wiki/%D8%B3%D8%AD%D8%B1_%D8%AE%D9%84%D9%8A%D9%81%D8%A9,فلسطين,https://ar.wikipedia.org/wiki/%D9%81%D9%84%D8%B3%D8%B7%D9%8A%D9%86
72,سابع ايام الخلق,https://ar.wikipedia.org/w/index.php?title=%D8%B3%D8%A7%D8%A8%D8%B9_%D8%A7%D9%8A%D8%A7%D9%85_%D8%A7%D9%84%D8%AE%D9%84%D9%82_(%D8%B1%D9%88%D8%A7%D9%8A%D8%A9)&action=edit&redlink=1,عبد الخالق الركابي,https://ar.wikipedia.org/wiki/%D8%B9%D8%A8%D8%AF_%D8%A7%D9%84%D8%AE%D8%A7%D9%84%D9%82_%D8%A7%D9%84%D8%B1%D9%83%D8%A7%D8%A8%D9%8A,العراق,https://ar.wikipedia.org/wiki/%D8%A7%D9%84%D8%B9%D8%B1%D8%A7%D9%82
73,شيء من الخوف,https://ar.wikipedia.org/w/index.php?title=%D8%B4%D9%8A%D8%A1_%D9%85%D9%86_%D8%A7%D9%84%D8%AE%D9%88%D9%81_(%D8%B1%D9%88%D8%A7%D9%8A%D8%A9)&action=edit&redlink=1,ثروت أباظة,https://ar.wikipedia.org/wiki/%D8%AB%D8%B1%D9%88%D8%AA_%D8%A3%D8%A8%D8%A7%D8%B8%D8%A9,مصر,https://ar.wikipedia.org/wiki/%D9%85%D8%B5%D8%B1
74,اللاز,https://ar.wikipedia.org/wiki/%D8%A7%D9%84%D9%84%D8%A7%D8%B2_(%D8%B1%D9%88%D8%A7%D9%8A%D8%A9),الطاهر وطار,https://ar.wikipedia.org/wiki/%D8%A7%D9%84%D8%B7%D8%A7%D9%87%D8%B1_%D9%88%D8%B7%D8%A7%D8%B1,الجزائر,https://ar.wikipedia.org/wiki/%D8%A7%D9%84%D8%AC%D8%B2%D8%A7%D8%A6%D8%B1
75,المرأة والوردة,https://ar.wikipedia.org/w/index.php?title=%D8%A7%D9%84%D9%85%D8%B1%D8%A3%D8%A9_%D9%88%D8%A7%D9%84%D9%88%D8%B1%D8%AF%D8%A9_(%D8%B1%D9%88%D8%A7%D9%8A%D8%A9)&action=edit&redlink=1,محمد زفزاف,https://ar.wikipedia.org/wiki/%D9%85%D8%AD%D9%85%D8%AF_%D8%B2%D9%81%D8%B2%D8%A7%D9%81,المغرب,https://ar.wikipedia.org/wiki/%D8%A7%D9%84%D9%85%D8%BA%D8%B1%D8%A8
76,ألف عام وعام من الحنين,https://ar.wikipedia.org/wiki/%D8%A3%D9%84%D9%81_%D8%B9%D8%A7%D9%85_%D9%88%D8%B9%D8%A7%D9%85_%D9%85%D9%86_%D8%A7%D9%84%D8%AD%D9%86%D9%8A%D9%86_(%D8%B1%D9%88%D8%A7%D9%8A%D8%A9),رشيد بوجدرة,https://ar.wikipedia.org/wiki/%D8%B1%D8%B4%D9%8A%D8%AF_%D8%A8%D9%88%D8%AC%D8%AF%D8%B1%D8%A9,الجزائر,https://ar.wikipedia.org/wiki/%D8%A7%D9%84%D8%AC%D8%B2%D8%A7%D8%A6%D8%B1
77,القبر المجهول,https://ar.wikipedia.org/w/index.php?title=%D8%A7%D9%84%D9%82%D8%A8%D8%B1_%D8%A7%D9%84%D9%85%D8%AC%D9%87%D9%88%D9%84_(%D8%B1%D9%88%D8%A7%D9%8A%D8%A9)&action=edit&redlink=1,احمد بن عبد القادر,https://ar.wikipedia.org/wiki/%D8%A3%D8%AD%D9%85%D8%AF_%D8%A8%D9%86_%D8%B9%D8%A8%D8%AF_%D8%A7%D9%84%D9%82%D8%A7%D8%AF%D8%B1,موريتانيا,https://ar.wikipedia.org/wiki/%D9%85%D9%88%D8%B1%D9%8A%D8%AA%D8%A7%D9%86%D9%8A%D8%A7
78,الاغتيال والغضب,https://ar.wikipedia.org/w/index.php?title=%D8%A7%D9%84%D8%A7%D8%BA%D8%AA%D9%8A%D8%A7%D9%84_%D9%88%D8%A7%D9%84%D8%BA%D8%B6%D8%A8_(%D8%B1%D9%88%D8%A7%D9%8A%D8%A9)&action=edit&redlink=1,موفق خضر,https://ar.wikipedia.org/wiki/%D9%85%D9%88%D9%81%D9%82_%D8%AE%D8%B6%D8%B1,العراق,https://ar.wikipedia.org/wiki/%D8%A7%D9%84%D8%B9%D8%B1%D8%A7%D9%82
79,الدوامة,https://ar.wikipedia.org/w/index.php?title=%D8%A7%D9%84%D8%AF%D9%88%D8%A7%D9%85%D8%A9_(%D8%B1%D9%88%D8%A7%D9%8A%D8%A9)&action=edit&redlink=1,قمر كيلاني,https://ar.wikipedia.org/wiki/%D9%82%D9%85%D8%B1_%D9%83%D9%8A%D9%84%D8%A7%D9%86%D9%8A,سوريا,https://ar.wikipedia.org/wiki/%D8%B3%D9%88%D8%B1%D9%8A%D8%A7
80,الحصار,https://ar.wikipedia.org/w/index.php?title=%D8%A7%D9%84%D8%AD%D8%B5%D8%A7%D8%B1_(%D8%B1%D9%88%D8%A7%D9%8A%D8%A9)&action=edit&redlink=1,فوزية رشيد,https://ar.wikipedia.org/wiki/%D9%81%D9%88%D8%B2%D9%8A%D8%A9_%D8%B1%D8%B4%D9%8A%D8%AF,البحرين,https://ar.wikipedia.org/wiki/%D8%A7%D9%84%D8%A8%D8%AD%D8%B1%D9%8A%D9%86
81,في بيتنا رجل,https://ar.wikipedia.org/wiki/%D9%81%D9%8A_%D8%A8%D9%8A%D8%AA%D9%86%D8%A7_%D8%B1%D8%AC%D9%84_(%D8%B1%D9%88%D8%A7%D9%8A%D8%A9),احسان عبد القدوس,https://ar.wikipedia.org/wiki/%D8%A5%D8%AD%D8%B3%D8%A7%D9%86_%D8%B9%D8%A8%D8%AF_%D8%A7%D9%84%D9%82%D8%AF%D9%88%D8%B3,مصر,https://ar.wikipedia.org/wiki/%D9%85%D8%B5%D8%B1
82,رموز عصرية,https://ar.wikipedia.org/w/index.php?title=%D8%B1%D9%85%D9%88%D8%B2_%D8%B9%D8%B5%D8%B1%D9%8A%D8%A9_(%D8%B1%D9%88%D8%A7%D9%8A%D8%A9)&action=edit&redlink=1,خضير عبد الأمير,https://ar.wikipedia.org/wiki/%D8%AE%D8%B6%D9%8A%D8%B1_%D8%B9%D8%A8%D8%AF_%D8%A7%D9%84%D8%A3%D9%85%D9%8A%D8%B1,العراق,https://ar.wikipedia.org/wiki/%D8%A7%D9%84%D8%B9%D8%B1%D8%A7%D9%82
83,ونصيبي من الافق,https://ar.wikipedia.org/w/index.php?title=%D9%88%D9%86%D8%B5%D9%8A%D8%A8%D9%8A_%D9%85%D9%86_%D8%A7%D9%84%D8%A7%D9%81%D9%82_(%D8%B1%D9%88%D8%A7%D9%8A%D8%A9)&action=edit&redlink=1,عبد القادر بن الشيخ,https://ar.wikipedia.org/wiki/%D8%B9%D8%A8%D8%AF_%D8%A7%D9%84%D9%82%D8%A7%D8%AF%D8%B1_%D8%A8%D9%86_%D8%A7%D9%84%D8%B4%D9%8A%D8%AE,تونس,https://ar.wikipedia.org/wiki/%D8%AA%D9%88%D9%86%D8%B3
84,مجنون الحكم,https://ar.wikipedia.org/w/index.php?title=%D9%85%D8%AC%D9%86%D9%88%D9%86_%D8%A7%D9%84%D8%AD%D9%83%D9%85_(%D8%B1%D9%88%D8%A7%D9%8A%D8%A9)&action=edit&redlink=1,بنسالم حميش,https://ar.wikipedia.org/wiki/%D8%A8%D9%86%D8%B3%D8%A7%D9%84%D9%85_%D8%AD%D9%85%D9%8A%D8%B4,المغرب,https://ar.wikipedia.org/wiki/%D8%A7%D9%84%D9%85%D8%BA%D8%B1%D8%A8
85,الخماسية,https://ar.wikipedia.org/w/index.php?title=%D8%A7%D9%84%D8%AE%D9%85%D8%A7%D8%B3%D9%8A%D8%A9_(%D8%B1%D9%88%D8%A7%D9%8A%D8%A9)&action=edit&redlink=1,إسماعيل فهد إسماعيل,https://ar.wikipedia.org/wiki/%D8%A5%D8%B3%D9%85%D8%A7%D8%B9%D9%8A%D9%84_%D9%81%D9%87%D8%AF_%D8%A5%D8%B3%D9%85%D8%A7%D8%B9%D9%8A%D9%84,الكويت,https://ar.wikipedia.org/wiki/%D8%A7%D9%84%D9%83%D9%88%D9%8A%D8%AA
86,أجنحة التيه,https://ar.wikipedia.org/w/index.php?title=%D8%A3%D8%AC%D9%86%D8%AD%D8%A9_%D8%A7%D9%84%D8%AA%D9%8A%D9%87_(%D8%B1%D9%88%D8%A7%D9%8A%D8%A9)&action=edit&redlink=1,جواد الصيداوي,https://ar.wikipedia.org/w/index.php?title=%D8%AC%D9%88%D8%A7%D8%AF_%D8%A7%D9%84%D8%B5%D9%8A%D8%AF%D8%A7%D9%88%D9%8A&action=edit&redlink=1,لبنان,https://ar.wikipedia.org/wiki/%D9%84%D8%A8%D9%86%D8%A7%D9%86
87,ايام الرماد,https://ar.wikipedia.org/w/index.php?title=%D8%A7%D9%8A%D8%A7%D9%85_%D8%A7%D9%84%D8%B1%D9%85%D8%A7%D8%AF_(%D8%B1%D9%88%D8%A7%D9%8A%D8%A9)&action=edit&redlink=1,محمد عز الدين التازي,https://ar.wikipedia.org/wiki/%D9%85%D8%AD%D9%85%D8%AF_%D8%B9%D8%B2_%D8%A7%D9%84%D8%AF%D9%8A%D9%86_%D8%A7%D9%84%D8%AA%D8%A7%D8%B2%D9%8A,المغرب,https://ar.wikipedia.org/wiki/%D8%A7%D9%84%D9%85%D8%BA%D8%B1%D8%A8
88,رأس بيروت,https://ar.wikipedia.org/w/index.php?title=%D8%B1%D8%A3%D8%B3_%D8%A8%D9%8A%D8%B1%D9%88%D8%AA_(%D8%B1%D9%88%D8%A7%D9%8A%D8%A9)&action=edit&redlink=1,ياسين رفاعية,https://ar.wikipedia.org/wiki/%D9%8A%D8%A7%D8%B3%D9%8A%D9%86_%D8%B1%D9%81%D8%A7%D8%B9%D9%8A%D8%A9,سوريا,https://ar.wikipedia.org/wiki/%D8%B3%D9%88%D8%B1%D9%8A%D8%A7
89,عين الشمس,https://ar.wikipedia.org/wiki/%D8%B9%D9%8A%D9%86_%D8%A7%D9%84%D8%B4%D9%85%D8%B3_(%D8%B1%D9%88%D8%A7%D9%8A%D8%A9),خليفة حسين مصطفي,https://ar.wikipedia.org/w/index.php?title=%D8%AE%D9%84%D9%8A%D9%81%D8%A9_%D8%AD%D8%B3%D9%8A%D9%86_%D9%85%D8%B5%D8%B7%D9%81%D9%8A&action=edit&redlink=1,ليبيا,https://ar.wikipedia.org/wiki/%D9%84%D9%8A%D8%A8%D9%8A%D8%A7
90,لونجه والغول,https://ar.wikipedia.org/w/index.php?title=%D9%84%D9%88%D9%86%D8%AC%D9%87_%D9%88%D8%A7%D9%84%D8%BA%D9%88%D9%84_(%D8%B1%D9%88%D8%A7%D9%8A%D8%A9)&action=edit&redlink=1,زهور ونيسي,https://ar.wikipedia.org/wiki/%D8%B2%D9%87%D9%88%D8%B1_%D9%88%D9%86%D9%8A%D8%B3%D9%8A,الجزائر,https://ar.wikipedia.org/wiki/%D8%A7%D9%84%D8%AC%D8%B2%D8%A7%D8%A6%D8%B1
91,صخب البحيرة,https://ar.wikipedia.org/w/index.php?title=%D8%B5%D8%AE%D8%A8_%D8%A7%D9%84%D8%A8%D8%AD%D9%8A%D8%B1%D8%A9_(%D8%B1%D9%88%D8%A7%D9%8A%D8%A9)&action=edit&redlink=1,محمد البساطي,https://ar.wikipedia.org/wiki/%D9%85%D8%AD%D9%85%D8%AF_%D8%A7%D9%84%D8%A8%D8%B3%D8%A7%D8%B7%D9%8A,مصر,https://ar.wikipedia.org/wiki/%D9%85%D8%B5%D8%B1
92,السائرون نياما,https://ar.wikipedia.org/wiki/%D8%A7%D9%84%D8%B3%D8%A7%D8%A6%D8%B1%D9%88%D9%86_%D9%86%D9%8A%D8%A7%D9%85%D8%A7_(%D8%B1%D9%88%D8%A7%D9%8A%D8%A9),سعد مكاوي,https://ar.wikipedia.org/wiki/%D8%B3%D8%B9%D8%AF_%D9%85%D9%83%D8%A7%D9%88%D9%8A,مصر,https://ar.wikipedia.org/wiki/%D9%85%D8%B5%D8%B1
93,1952,https://ar.wikipedia.org/w/index.php?title=1952_(%D8%B1%D9%88%D8%A7%D9%8A%D8%A9)&action=edit&redlink=1,جميل عطية إبراهيم,https://ar.wikipedia.org/wiki/%D8%AC%D9%85%D9%8A%D9%84_%D8%B9%D8%B7%D9%8A%D8%A9_%D8%A5%D8%A8%D8%B1%D8%A7%D9%87%D9%8A%D9%85,مصر,https://ar.wikipedia.org/wiki/%D9%85%D8%B5%D8%B1
94,طيور أيلول,https://ar.wikipedia.org/w/index.php?title=%D8%B7%D9%8A%D9%88%D8%B1_%D8%A3%D9%8A%D9%84%D9%88%D9%84_(%D8%B1%D9%88%D8%A7%D9%8A%D8%A9)&action=edit&redlink=1,إميلي نصر الله,https://ar.wikipedia.org/wiki/%D8%A5%D9%85%D9%8A%D9%84%D9%8A_%D9%86%D8%B5%D8%B1_%D8%A7%D9%84%D9%84%D9%87,لبنان,https://ar.wikipedia.org/wiki/%D9%84%D8%A8%D9%86%D8%A7%D9%86
95,المؤامرة,https://ar.wikipedia.org/w/index.php?title=%D8%A7%D9%84%D9%85%D8%A4%D8%A7%D9%85%D8%B1%D8%A9_(%D8%B1%D9%88%D8%A7%D9%8A%D8%A9)&action=edit&redlink=1,فرج الحوار,https://ar.wikipedia.org/wiki/%D9%81%D8%B1%D8%AC_%D8%A7%D9%84%D8%AD%D9%88%D8%A7%D8%B1,تونس,https://ar.wikipedia.org/wiki/%D8%AA%D9%88%D9%86%D8%B3
96,المعلم علي,https://ar.wikipedia.org/w/index.php?title=%D8%A7%D9%84%D9%85%D8%B9%D9%84%D9%85_%D8%B9%D9%84%D9%8A_(%D8%B1%D9%88%D8%A7%D9%8A%D8%A9)&action=edit&redlink=1,عبد الكريم غلاب,https://ar.wikipedia.org/wiki/%D8%B9%D8%A8%D8%AF_%D8%A7%D9%84%D9%83%D8%B1%D9%8A%D9%85_%D8%BA%D9%84%D8%A7%D8%A8,المغرب,https://ar.wikipedia.org/wiki/%D8%A7%D9%84%D9%85%D8%BA%D8%B1%D8%A8
97,قامات الزبد,https://ar.wikipedia.org/w/index.php?title=%D9%82%D8%A7%D9%85%D8%A7%D8%AA_%D8%A7%D9%84%D8%B2%D8%A8%D8%AF_(%D8%B1%D9%88%D8%A7%D9%8A%D8%A9)&action=edit&redlink=1,إلياس فركوح,https://ar.wikipedia.org/wiki/%D8%A5%D9%84%D9%8A%D8%A7%D8%B3_%D9%81%D8%B1%D9%83%D9%88%D8%AD,الأردن,https://ar.wikipedia.org/wiki/%D8%A7%D9%84%D8%A3%D8%B1%D8%AF%D9%86
98,عصافير الفجر,https://ar.wikipedia.org/w/index.php?title=%D8%B9%D8%B5%D8%A7%D9%81%D9%8A%D8%B1_%D8%A7%D9%84%D9%81%D8%AC%D8%B1_(%D8%B1%D9%88%D8%A7%D9%8A%D8%A9)&action=edit&redlink=1,ليلى عسيران,https://ar.wikipedia.org/wiki/%D9%84%D9%8A%D9%84%D9%89_%D8%B9%D8%B3%D9%8A%D8%B1%D8%A7%D9%86,لبنان,https://ar.wikipedia.org/wiki/%D9%84%D8%A8%D9%86%D8%A7%D9%86
99,جسر بنات يعقوب,https://ar.wikipedia.org/w/index.php?title=%D8%AC%D8%B3%D8%B1_%D8%A8%D9%86%D8%A7%D8%AA_%D9%8A%D8%B9%D9%82%D9%88%D8%A8_(%D8%B1%D9%88%D8%A7%D9%8A%D8%A9)&action=edit&redlink=1,حسن حميد,https://ar.wikipedia.org/wiki/%D8%AD%D8%B3%D9%86_%D8%AD%D9%85%D9%8A%D8%AF,فلسطين,https://ar.wikipedia.org/wiki/%D9%81%D9%84%D8%B3%D8%B7%D9%8A%D9%86
100,الوسمية,https://ar.wikipedia.org/w/index.php?title=%D8%A7%D9%84%D9%88%D8%B3%D9%85%D9%8A%D8%A9_(%D8%B1%D9%88%D8%A7%D9%8A%D8%A9)&action=edit&redlink=1,عبد العزيز مشري,https://ar.wikipedia.org/wiki/%D8%B9%D8%A8%D8%AF_%D8%A7%D9%84%D8%B9%D8%B2%D9%8A%D8%B2_%D9%85%D8%B4%D8%B1%D9%8A,السعودية,https://ar.wikipedia.org/wiki/%D8%A7%D9%84%D8%B3%D8%B9%D9%88%D8%AF%D9%8A%D8%A9
101,البشموري,https://ar.wikipedia.org/w/index.php?title=%D8%A7%D9%84%D8%A8%D8%B4%D9%85%D9%88%D8%B1%D9%8A_(%D8%B1%D9%88%D8%A7%D9%8A%D8%A9_)&action=edit&redlink=1,سلوى بكر,https://ar.wikipedia.org/wiki/%D8%B3%D9%84%D9%88%D9%89_%D8%A8%D9%83%D8%B1,مصر,https://ar.wikipedia.org/wiki/%D9%85%D8%B5%D8%B1
102,الفارس القتيل يترجل,https://ar.wikipedia.org/wiki/%D8%A7%D9%84%D9%81%D8%A7%D8%B1%D8%B3_%D8%A7%D9%84%D9%82%D8%AA%D9%8A%D9%84_%D9%8A%D8%AA%D8%B1%D8%AC%D9%84_(%D8%B1%D9%88%D8%A7%D9%8A%D8%A9),إلياس الديري,https://ar.wikipedia.org/wiki/%D8%A5%D9%84%D9%8A%D8%A7%D8%B3_%D8%A7%D9%84%D8%AF%D9%8A%D8%B1%D9%8A,لبنان,https://ar.wikipedia.org/wiki/%D9%84%D8%A8%D9%86%D8%A7%D9%86
103,التوت المر,https://ar.wikipedia.org/wiki/%D8%A7%D9%84%D8%AA%D9%88%D8%AA_%D8%A7%D9%84%D9%85%D8%B1,محمد العروسي المطوي,https://ar.wikipedia.org/wiki/%D9%85%D8%AD%D9%85%D8%AF_%D8%A7%D9%84%D8%B9%D8%B1%D9%88%D8%B3%D9%8A_%D8%A7%D9%84%D9%85%D8%B7%D9%88%D9%8A,تونس,https://ar.wikipedia.org/wiki/%D8%AA%D9%88%D9%86%D8%B3
104,أغنية الماء والنار,https://ar.wikipedia.org/wiki/%D8%A3%D8%BA%D9%86%D9%8A%D8%A9_%D8%A7%D9%84%D9%85%D8%A7%D8%A1_%D9%88%D8%A7%D9%84%D9%86%D8%A7%D8%B1_(%D8%B1%D9%88%D8%A7%D9%8A%D8%A9),عبد الله خليفة,https://ar.wikipedia.org/wiki/%D8%B9%D8%A8%D8%AF_%D8%A7%D9%84%D9%84%D9%87_%D8%AE%D9%84%D9%8A%D9%81%D8%A9,البحرين,https://ar.wikipedia.org/wiki/%D8%A7%D9%84%D8%A8%D8%AD%D8%B1%D9%8A%D9%86
105,الباب المفتوح,https://ar.wikipedia.org/wiki/%D8%A7%D9%84%D8%A8%D8%A7%D8%A8_%D8%A7%D9%84%D9%85%D9%81%D8%AA%D9%88%D8%AD_(%D8%B1%D9%88%D8%A7%D9%8A%D8%A9),لطيفة الزيات,https://ar.wikipedia.org/wiki/%D9%84%D8%B7%D9%8A%D9%81%D8%A9_%D8%A7%D9%84%D8%B2%D9%8A%D8%A7%D8%AA,مصر,https://ar.wikipedia.org/wiki/%D9%85%D8%B5%D8%B1
106,مدن الملح,https://ar.wikipedia.org/wiki/%D9%85%D8%AF%D9%86_%D8%A7%D9%84%D9%85%D9%84%D8%AD,عبد الرحمن منيف,https://ar.wikipedia.org/wiki/%D8%B9%D8%A8%D8%AF_%D8%A7%D9%84%D8%B1%D8%AD%D9%85%D9%86_%D8%A7%D9%84%D9%85%D9%86%D9%8A%D9%81,السعودية,https://ar.wikipedia.org/wiki/%D8%A7%D9%84%D8%B3%D8%B9%D9%88%D8%AF%D9%8A%D8%A9
